{
  "project_info": {
    "project_number": "359743737594",
    "project_id": "teekho",
    "storage_bucket": "teekho.appspot.com"
  },
  "client": [
    {
      "client_info": {
        "mobilesdk_app_id": "1:359743737594:android:33cb353926d86bb83d4343",
        "android_client_info": {
          "package_name": "com.teekho.driverapp"
        }
      },
      "oauth_client": [
        {
          "client_id": "359743737594-41u68r665j2bachd43upnb434b4tp26f.apps.googleusercontent.com",
          "client_type": 1,
          "android_info": {
            "package_name": "com.teekho.driverapp",
            "certificate_hash": "c5f8279d589d8e32962463817d948efde843b762"
          }
        },
        {
          "client_id": "359743737594-uu58nb6fh6e0s7bjvjq0cv48f0eiuh95.apps.googleusercontent.com",
          "client_type": 1,
          "android_info": {
            "package_name": "com.teekho.driverapp",
            "certificate_hash": "5462dacb82c74529749417cbd4051c2de5c27057"
          }
        },
        {
          "client_id": "359743737594-ccpotijlse190f9sn6c60hjb25npt4a4.apps.googleusercontent.com",
          "client_type": 3
        }
      ],
      "api_key": [
        {
          "current_key": "AIzaSyAJKRcLft46h03KZG9PUZ4tHp-aYvB1KTg"
        }
      ],
      "services": {
        "appinvite_service": {
          "other_platform_oauth_client": [
            {
              "client_id": "359743737594-1rl58barvghqlkral52g9s8a4hckqlq8.apps.googleusercontent.com",
              "client_type": 3
            },
            {
              "client_id": "359743737594-062bm189dctbfipegro0psclh8rnorqu.apps.googleusercontent.com",
              "client_type": 2,
              "ios_info": {
                "bundle_id": "com.teekho.storeapp"
              }
            }
          ]
        }
      }
    },
    {
      "client_info": {
        "mobilesdk_app_id": "1:359743737594:android:fe031592332dbdbd3d4343",
        "android_client_info": {
          "package_name": "com.teekho.storeapp"
        }
      },
      "oauth_client": [
        {
          "client_id": "359743737594-fl3kjd5p9ln931r572o3hdsnbiudkdn5.apps.googleusercontent.com",
          "client_type": 1,
          "android_info": {
            "package_name": "com.teekho.storeapp",
            "certificate_hash": "5462dacb82c74529749417cbd4051c2de5c27057"
          }
        },
        {
          "client_id": "359743737594-tit39rmdbats6uq1211l8dtklil9nos8.apps.googleusercontent.com",
          "client_type": 1,
          "android_info": {
            "package_name": "com.teekho.storeapp",
            "certificate_hash": "eccf1b97e9826d22ebce5b83f8e097fd9754385e"
          }
        },
        {
          "client_id": "359743737594-ccpotijlse190f9sn6c60hjb25npt4a4.apps.googleusercontent.com",
          "client_type": 3
        }
      ],
      "api_key": [
        {
          "current_key": "AIzaSyAJKRcLft46h03KZG9PUZ4tHp-aYvB1KTg"
        }
      ],
      "services": {
        "appinvite_service": {
          "other_platform_oauth_client": [
            {
              "client_id": "359743737594-1rl58barvghqlkral52g9s8a4hckqlq8.apps.googleusercontent.com",
              "client_type": 3
            },
            {
              "client_id": "359743737594-062bm189dctbfipegro0psclh8rnorqu.apps.googleusercontent.com",
              "client_type": 2,
              "ios_info": {
                "bundle_id": "com.teekho.storeapp"
              }
            }
          ]
        }
      }
    },
    {
      "client_info": {
        "mobilesdk_app_id": "1:359743737594:android:bb77f38be963a8533d4343",
        "android_client_info": {
          "package_name": "com.teekho.userapp"
        }
      },
      "oauth_client": [
        {
          "client_id": "359743737594-g34ajj8p3mlcte1sjfstogru7ka7ndsa.apps.googleusercontent.com",
          "client_type": 1,
          "android_info": {
            "package_name": "com.teekho.userapp",
            "certificate_hash": "216b3ea35bd6fde907611896d17bd016586fd80e"
          }
        },
        {
          "client_id": "359743737594-ut34shoq6gk9vcfb373vmqct68clhk3r.apps.googleusercontent.com",
          "client_type": 1,
          "android_info": {
            "package_name": "com.teekho.userapp",
            "certificate_hash": "5462dacb82c74529749417cbd4051c2de5c27057"
          }
        },
        {
          "client_id": "359743737594-ccpotijlse190f9sn6c60hjb25npt4a4.apps.googleusercontent.com",
          "client_type": 3
        }
      ],
      "api_key": [
        {
          "current_key": "AIzaSyAJKRcLft46h03KZG9PUZ4tHp-aYvB1KTg"
        }
      ],
      "services": {
        "appinvite_service": {
          "other_platform_oauth_client": [
            {
              "client_id": "359743737594-1rl58barvghqlkral52g9s8a4hckqlq8.apps.googleusercontent.com",
              "client_type": 3
            },
            {
              "client_id": "359743737594-062bm189dctbfipegro0psclh8rnorqu.apps.googleusercontent.com",
              "client_type": 2,
              "ios_info": {
                "bundle_id": "com.teekho.storeapp"
              }
            }
          ]
        }
      }
    }
  ],
  "configuration_version": "1"
}